holly495,1
485,3
votesjanuari,1
14,52
2019,6
,1016
updat,3
juli,300
10,62
2020,1
313,1
comment,522
pin,5
recip,2179
jump,5
thi,894
post,168
may,61
contain,15
affili,5
link,136
pleas,20
read,5
disclosur,5
polici,123
best,328
chili,423
one,92
load,8
beef,210
bean,30
absolut,1
full,16
flavor,35
like,48
hand,11
husband,1
favorit,282
meal,250
love,181
becaus,43
easi,708
make,298
cook,339
stovetop,24
perfect,269
serv,37
alongsid,1
homemad,251
cornbread,3
butter,163
toast,8
buttermilk,1
biscuit,1
add,48
top,104
chees,387
onion,36
sometim,2
crockpot,4
version,4
great,44
weeknight,189
season,22
powder,76
cumin,8
store,11
bought,2
work,43
well,36
sweet,33
paprika,2
garlic,13
cayenn,2
pepper,162
oregano,2
mix,39
raw,2
ground,58
befor,49
ensur,24
everi,125
morsel,2
use,416
red,18
kidney,8
pinto,4
black,2
rins,4
unless,2
ad,38
remov,20
excess,13
salt,44
starch,2
usual,23
either,2
style,7
sauc,131
brown,132
drain,20
ani,168
fat,63
simmer,19
remain,12
ingredi,78
uncov,11
thicken,14
stove,54
allow,14
natur,4
without,7
cornstarch,25
flour,80
option,10
alway,25
time,154
let,84
reduc,11
dont,10
sprinkl,13
littl,31
bit,34
cornmeal,2
slurri,2
spare,2
extra,17
minut,132
variat,6
spice,66
level,4
right,138
increas,2
heat,34
leav,109
seed,10
jalapeno,48
dash,2
hot,54
flake,10
meat,10
chicken,603
turkey,131
ha,14
lot,4
sure,20
beer,89
depth,2
feel,2
free,126
skip,2
broth,12
swap,8
way,26
youd,6
texmex,2
toss,18
packet,2
taco,2
freez,53
100,4
ye,130
reheat,8
beauti,27
singl,2
size,10
portion,7
lunch,2
freezer,4
bag,6
quick,201
defrost,2
fridg,8
overnight,2
saucepan,14
microwav,13
youll,64
instant,84
pot,229
crock,4
texa,4
green,19
15,105
slow,48
cooker,40
butternut,2
squash,2
495,2
vote,10
review,31
prep,15
20,166
minutescook,15
45,167
minutestot,9
1,381
hour,15
5,95
8,53
author,15
holli,206
nilsson,15
big,3
game,3
day,84
food,29
printpin,15
ingredients,15
2,60
pound,4
lean,8
diced,12
fine,8
4,25
clove,4
minced,4
tablespoon,52
divid,5
taste,8
teaspoon,36
bell,4
ounc,20
crush,25
tomato,63
canned,4
19,25
rinsed,4
dice,37
juice,8
cup,96
paste,4
sugar,189
optional,4
tast,17
instruct,25
combin,29
powderin,5
larg,10
fatadd,5
bring,12
boil,32
4560,5
reach,5
desir,5
thicknesstop,5
cheddar,41
cilantro,13
notesserv,5
12,6
replac,27
sour,8
cream,56
avocado,8
lime,8
wedg,8
tortilla,8
chip,34
nutrit,26
informationcalori,10
395,3
carbohydr,15
27g,3
protein,19
29g,3
17g,3
satur,15
6g,12
cholesterol,15
77mg,3
sodium,17
283mg,3
potassium,15
1066mg,3
fiber,17
7g,3
vitamin,24
870iu,3
c,9
262mg,3
calcium,15
86mg,3
iron,15
62mg,3
inform,119
provid,15
estim,15
vari,15
base,21
method,36
brand,17
keyword,15
cours,23
main,100
cuisin,15
american,15
tex,3
mex,3
spendwithpenniescom,15
content,15
photograph,15
copyright,20
protect,15
share,175
encourag,15
appreci,15
copi,15
andor,15
past,15
social,17
media,15
strictli,15
prohibit,15
view,49
photo,49
plain,2
ol,2
pretti,2
much,88
bread,314
sop,2
whatev,2
left,35
bottom,136
bowl,31
30,23
dinner,128
roll,14
need,94
stretch,2
white,25
rice,2
put,2
collect,2
toppings,2
everyon,44
differ,2
idea,49
goe,25
stapl,2
monterey,2
jack,15
crouton,2
healthi,4
veggi,2
ton,2
chickenturkey,2
prefer,4
choos,2
low,4
product,7
categoriesground,2
dish,207
soup,184
stew,168
pinfacebooktweetyummlyemail,19
disheschili,4
dog,4
total,768
40,34
min,593
meatless,39
disheshomemad,5
lentil,5
51,6
appet,45
snackschili,6
fri,10
50,12
stewssavori,7
pumpkin,7
hr,312
cookerwhit,8
stewsgreen,9
authorholli,54
pinterest,209
facebook,209
twitter,209
instagramholli,54
wine,170
lover,170
creator,170
shop,204
enthusiast,170
self,59
appoint,59
foodi,170
greatest,234
passion,170
creat,170
kitchen,240
delici,347
comfort,172
everyday,59
home,136
get,185
bonu,123
ebooksubscrib,59
nowsubscrib,59
receiv,195
weekli,64
ebook,98
mealspleas,64
enabl,230
javascript,126
browser,126
complet,142
formemail,126
gdpr,126
agreement,126
send,160
latest,190
via,126
email,734
websitego,36
unsubscrib,126
anytim,126
click,127
unsubscribe,126
dessertpeanut,71
magic,73
cooki,215
bar,82
3,146
dip,187
dressingsmississippi,76
sin,76
55,90
side,135
dishesgarl,81
snow,81
pea,81
mushroom,81
casserolesbroccoli,86
casserol,189
breakfasteasi,96
fresh,108
fruit,91
salad,125
pasta,166
pizzacheesi,56
skillet,56
lasagna,172
repli,687
cancel,99
replyyour,99
address,380
publish,104
requir,104
field,104
mark,104
rate,216
name,246
submit,249
agre,104
websit,109
ip,104
spend,418
penni,418
purpos,129
navig,41
newest,21
evelyn,21
say,609
27,42
2021,658
435,21
pm,357
goto,21
35,24
lb,21
chuck,21
basic,21
doubl,51
28ox,21
whole,35
petit,21
didnt,21
maryros,21
donnick,21
23,32
801,21
onc,39
pat,21
find,179
long,23
handl,21
pan,143
want,21
160,21
degre,21
nice,44
april,42
11,42
103,21
thank,168
anoth,63
wonder,21
brows,21
web,21
whenev,21
come,63
know,63
winner,21
ch,147
804,42
glad,63
david,63
herrold,21
june,252
25,34
327,21
quadrupl,21
feed,21
guy,21
sobrieti,21
wa,168
star,23
around,29
1035,21
welcom,63
hear,84
dulc,21
312,21
loveeeee,21
cant,21
eat,21
made,48
last,21
weekend,42
camp,21
trip,21
hit,42
veri,31
21,42
952,21
im,127
happi,23
1209,21
tri,131
realli,44
enjoy,50
luci,42
31,43
842,21
chilli,21
look,52
amaz,23
hous,29
definit,44
forward,21
would,42
abl,42
146,21
follow,85
older,22
hi,106
selfappoint,111
search,303
reader,250
mash,118
potato,243
scallop,116
fluffi,166
waffl,116
oven,131
bake,704
breast,118
parmesan,116
ham,116
glaze,129
rss,150
instagram,155
snapchat,150
youtub,150
recipesearch,116
herehom,116
occas,121
herea,106
seen,121
onclass,106
done,126
moist,144
banana,140
stuf,144
roast,159
juici,131
pork,167
chop,135
classic,153
noodl,133
thigh,131
meatbal,131
new,85
dailypleas,62
commentgo,27
contact,102
us,136
disclosureprivaci,62
faq,62
back,67
calori,5
closespend,34
pennieshom,34
snack,41
index,34
air,34
fryer,34
pizza,38
seafood,34
dessert,65
dress,34
beverag,34
breakfast,68
video,41
tip,58
holiday,36
easter,37
halloween,37
thanksgiv,37
christma,46
valentine,34
st,34
patrick,34
meet,36
team,34
articlelik,34
articl,34
friend,89
sent,34
subscrib,10
holly5,3
17,9
votesmay,1
7,4
buffalo,63
mac,74
rich,8
creami,14
cheesi,7
kick,11
everyone,1
turn,1
notch,1
special,2
blend,3
butteri,1
crumb,3
adult,1
kid,5
alik,1
excit,1
partner,1
cabot,27
enough,29
celebrationworthi,2
two,10
kind,2
sub,2
even,35
cauliflow,6
potluck,2
parti,5
readi,2
storebought,2
rotisseri,8
bold,4
qualiti,4
serious,13
sharp,34
stand,11
next,23
onli,2
theyr,6
also,2
age,2
truli,4
addit,9
certifi,2
b,23
corpor,12
mean,2
high,2
standard,4
environment,2
perform,2
cooper,2
dairi,2
farm,2
famili,5
profit,2
go,44
farmer,2
readymad,4
saver,2
lightli,2
perfectli,2
leftov,2
smoke,2
sausag,2
elbow,6
macaroni,23
hearti,2
penn,2
rotini,2
farfal,2
aka,2
bowti,2
shape,2
cling,2
milder,2
check,2
aisl,2
mild,10
avail,8
still,2
pack,2
punch,2
al,15
dent,15
stir,29
per,8
913,2
rememb,8
firm,8
undersalt,8
straight,8
tame,8
although,2
cheeseburg,2
jalapeo,2
spici,3
ultim,3
16,35
dri,40
milk,25
light,45
mustard,9
shred,35
sauce,4
topping,4
crumbs,4
melt,35
instructionspreheat,12
400fcook,5
water,10
accord,5
packag,9
direct,5
run,5
cold,7
stop,5
cookingwhil,5
medium,20
minuteadd,5
whisk,29
mixtur,44
thick,5
first,34
smooth,15
minuteremov,5
saucecombin,5
spread,12
greas,18
9x13,11
pancombin,5
macaronibak,5
2025,5
bubbl,10
note,10
802,3
58g,3
51g,3
41g,6
22g,6
tran,9
1g,27
182mg,3
1670mg,3
333mg,3
2g,15
1097iu,3
1mg,12
544mg,3
2mg,6
categoriescasserol,3
pizzastovetop,5
potinst,6
26,16
casserolescheesi,7
pizzahomemad,36
pizza15,9
dishesdorito,10
tender,10
22,19
emailgo,38
ami,42
hakala,21
9,27
127,21
glutenfreeani,21
135,21
could,42
jenni,21
740,21
afraid,21
wouldnt,21
ill,21
save,21
colin,42
531,21
frozen,25
6,51
1146,21
havent,21
desicart,42
409,21
blog,21
prepar,30
recipesthank,21
941,21
preheat,3
votesjuli,2
chocol,116
frost,148
cake,64
cupcak,12
strawberri,65
cocoa,38
granul,6
sinc,2
dissolv,2
spreadabl,2
unsalt,8
result,33
vanilla,11
almond,2
brandi,2
extract,6
cool,41
beat,6
whip,4
doesnt,2
mixer,14
ahead,5
refriger,34
cover,2
room,28
temperatur,20
buttercream,8
easili,2
zipper,4
month,2
simpli,2
yellow,2
fave,3
ever,11
decad,2
poke,2
scratch,2
sheet,16
crowd,2
ice,2
cone,2
minuteschil,3
hourtot,6
simpl,6
french,12
unsweeten,8
bittersweet,5
chopped,4
instructionsin,4
small,12
milkplac,5
begin,5
secondsremov,5
pour,5
place,19
plastic,7
wrap,45
rest,5
surfac,5
hourplac,5
power,5
occasion,5
set,20
asid,10
coolcream,5
incorpor,5
saltmix,5
speed,5
notesbittersweet,5
substitut,8
semisweet,6
round,6
24,6
week,8
remix,6
coupl,6
336,3
30g,3
24g,3
15g,6
polyunsatur,9
monounsatur,9
49mg,6
309mg,3
140mg,3
25g,3
576iu,3
42mg,3
categoriesbirthday,3
dessertgerman,5
dessertchocol,32
dessertnutella,8
dessertbest,9
ganach,10
sharon,42
449,21
today,21
hubbi,21
bday,21
fantast,21
sicki,21
alot,21
ew,21
426,21
namego,12
birthday,1
holly489,1
incred,1
alltim,1
sponsor,1
challeng,11
quickbread,1
blueberri,33
raspberri,2
farmerown,2
oldfashion,2
cow,2
loaf,48
tea,2
coffe,2
honey,2
churn,2
daili,3
preserv,2
hormon,2
dye,2
allpurpos,2
berri,17
give,7
bright,2
spot,2
color,4
tangi,2
zesti,2
chang,7
lemon,13
juic,2
egg,21
super,2
fold,9
final,2
batter,30
sink,10
soften,8
avoid,8
overmix,8
tough,8
chewi,8
line,13
parchment,13
paper,34
metal,29
overbak,2
toothpick,55
insert,8
middl,29
clean,55
slice,15
dust,6
keep,6
airtight,2
seal,2
date,2
label,2
outsid,2
thaw,2
fruiti,1
cranberri,4
orang,2
citrusi,2
warm,8
appl,16
pie,8
friendli,2
walnut,9
crunchi,2
streusel,2
489,2
strawberries,4
stick,4
softened,4
temperature,4
dividedglaze,3
350f,10
8x4,5
panin,5
asidecream,5
juiceadd,5
mixset,5
breadtoss,5
gentli,5
reserv,10
strawberriesbak,5
4555,5
rackonc,5
smoothdrizzl,5
315,3
4g,9
9g,3
80mg,3
268mg,3
144mg,3
500iu,3
14mg,3
categoriesbak,3
dessertwarm,6
breadscranberri,7
breadschees,8
recipeshomemad,9
37,10
disheseasi,10
messagego,13
jon,42
210,21
mayb,42
earlier,21
wasnt,21
troubl,21
fulli,47
due,21
75,21
center,55
seem,42
doughi,21
giggli,21
see,21
fail,21
wast,21
sn,63
916,21
sorri,21
84,21
produc,21
glass,21
found,21
close,21
90,42
mo,42
18,25
110,21
almost,21
spendwithpennies,21
disast,21
fault,21
smaller,21
pyrex,21
allot,21
bad,21
retest,21
declar,21
uncl,21
test,21
forever,21
cannot,21
wait,21
muffin,21
tin,21
1208,21
rescu,21
mindi,42
545,21
mini,23
gave,21
gift,47
wax,21
flower,21
finish,21
touch,21
sound,21
lucki,21
elizabeth,21
216,21
written,21
except,21
strawberrieslterrif,21
keeper,21
carol,21
obrien,21
1118,21
crockett,21
votesjun,1
13,1
mint,32
elegantli,1
shortcut,2
treat,1
picnic,1
four,2
step,2
break,2
baker,2
practic,2
help,2
peanut,4
rolo,2
dough,42
premad,2
origin,2
coconut,2
festiv,2
crunch,2
nut,2
melti,8
cinch,2
paddl,7
scoop,7
ball,9
onto,2
flatten,2
spoon,2
seamsid,2
decaden,2
crinkl,2
mm,12
good,3
ounces,4
mints,4
asideadd,5
fit,5
attach,5
combinedus,5
press,5
flat,5
circleadd,5
pinch,5
sealrol,5
seam,5
sheetbak,5
transfer,5
wire,5
rack,5
notesthes,5
pop,6
second,6
119,3
20g,3
58mg,3
56mg,3
14g,3
7iu,3
4mg,3
categorieschristma,3
christmasth,5
dessertthumbprint,6
42,7
dessertslic,7
icebox,7
dessertperfect,8
nanaimo,9
dessertchristma,10
site,1
button,1
head,1
featur,1
healthier,1
happier,1
jami,3
oliv,3
enterpris,2
limit,2
term,6
privaci,12
group,6
sitemap,1
box,1
popular,1
page,1
homepag,1
garden,9
travel,4
south,9
sign,1
dcor,1
offer,6
southern,20
bbq,2
enchilada,2
supper,2
toprat,2
mardi,3
gra,3
mother,3
fourth,3
tree,3
decor,7
citi,4
guid,4
cottag,4
fireplac,4
mantel,4
grumpi,4
plan,4
live,23
porch,4
patio,4
plant,4
az,4
advertis,5
magazin,5
custom,5
servic,15
newslett,5
sweepstak,5
part,5
meredith,15
regist,5
trademark,5
compens,5
subject,10
notic,5
choic,5
california,10
sell,5
eu,5
data,5
request,5
